SCORING SHEET ñ TEAM 11,,,,,
A. TEAM INFORMATION,,,,,
,Team Name,KADA,,,
,Problem Statement - Department,LnD6 - Training Roadmap & Skill Gap Analysis Agent,,,
,Judge Name,Ha Quoc Huy,,,
,Evaluation Date,,,,
,,,,,
B. DETAILED SCORING,,,,,
I. IDEA VALUE & PROBLEM FIT,,,,Max: 30,Comments
#,Criteria,Description,Max Score,Score,Comments
1,Problem Understanding,M?c ?? hi?u ?˙ng v‡ ??y ?? b‡i to·n,10,9,
2,Relevance to Use Case,M?c ?? b·m s·t yÍu c?u v‡ ph?m vi b‡i to·n,10,9,
3,Depth of Insight,Kh? n?ng ph·t hi?n insight v??t ngo‡i ?? b‡i,10,8,
,Subtotal,,,26,
,,,,,
II. AI THINKING & SOLUTION DESIGN,,,,Max: 35,Comments
#,Criteria,Description,Max Score,Score,Comments
1,AI Approach Logic,Vi?c s? d?ng AI ph˘ h?p v?i t?ng b??c trong b‡i to·n,10,9,
2,Agent Thinking,"Hi?u rı vai trÚ c?a agent, thi?t k? flow h?p l˝",15,13,
3,Solution Coherence,Gi?i ph·p cÛ tÌnh logic v‡ liÍn k?t end-to-end,10,8,
,Subtotal,,,30,
,,,,,
III. PRACTICALITY & FEASIBILITY,,,,Max: 25,Comments
#,Criteria,Description,Max Score,Score,Comments
1,Feasibility,Kh? n?ng tri?n khai trong timeline cu?c thi,10,7,K? ho?ch tu?n m? h?
2,Simplicity vs Effectiveness,Gi?i ph·p ??n gi?n nh?ng hi?u qu?,10,7,Ti?m ?n r?i ro over-engineered cho POC
3,Constraint Awareness,Nh?n di?n ???c c·c gi?i h?n th?c t?,5,5,
,Subtotal,,,19,
,,,,,
IV. CLARITY & COMMUNICATION,,,,Max: 10,Comments
#,Criteria,Description,Max Score,Score,Comments
1,Explanation,"Di?n ??t d? hi?u, m?ch l?c",5,5,
2,Flow Visualization,Minh h?a flow rı r‡ng (diagram ho?c step-by-step),5,4,
,Subtotal,,,9,
,,,,,
C. PENALIZATION (If Applicable),,,,,
Scenario,,Deduction,Score (if applied),Notes,
Not aligned with use case,,10,,,
Weak / unclear AI usage,,10 to 15,,,
Over-complex solution,,5 to 10,,,
Lack of originality,,Disqualify,,,
,,,,,
D. FINAL SCORE SUMMARY,,,,,
Idea Value & Problem Fit,,,,26,
AI Thinking & Solution Design,,,,30,
Practicality & Feasibility,,,,19,
Clarity & Communication,,,,9,
Subtotal (A),,,,84,
Penalty (B),,,,0,
TOTAL SCORE = A ñ B,,,,84,
,,,,,
E. QUALITATIVE EVALUATION (MANDATORY),,,,,
Key Strengths,,,,,
1,Thi?t k? agent t?t,,,,
2,Problem understanding t?t,,,,
Key Weaknesses / Risks,,,,,
1,Over-engineering cho POC 2 tu?n,,,,
2,"C·c th‡nh ph?n k? thu?t r‡ng bu?c qu· m?c, failed 1 s? ?nh h??ng end-to-end flow",,,,
,,,,,
F. FINAL RECOMMENDATION,,,,,
Option,,,,Select (X),
Strongly Recommend (Top Tier),,,,FALSE,
Recommend (Qualified for Next Round),,,,TRUE,
Borderline (Needs Discussion),,,,FALSE,
Not Recommend,,,,FALSE,
,,,,,
G. JUDGE FINAL CHECK (Before Submission),,,,,
My evaluation was not influenced by the complexity of the solution.,,,,TRUE,
I assessed the proposal based on its feasibility and logical consistency.,,,,TRUE,
I ensured fairness when comparing it with other teams.,,,,TRUE,
